Fecha,Comprador,Vendedor
7/10/2019,56.067,60.191
4/10/2019,55.964,60.093
3/10/2019,56.097,60.226
2/10/2019,56.107,60.221
1/10/2019,55.883,60.095
30/9/2019,55.657,59.818
27/9/2019,55.395,59.556
26/9/2019,55.348,59.511
25/9/2019,55.136,59.339
24/9/2019,55.126,59.338
23/9/2019,55.076,59.321
20/9/2019,54.868,59.081
19/9/2019,54.989,59.071
18/9/2019,54.926,59.147
17/9/2019,54.918,59.065
16/9/2019,54.489,58.774
13/9/2019,54.211,58.443
12/9/2019,54.254,58.407
11/9/2019,53.98,58.236
10/9/2019,53.885,58.13
9/9/2019,53.878,58.153
6/9/2019,53.797,58.023
5/9/2019,53.871,58.207
4/9/2019,53.577,58.061
3/9/2019,53.458,58.486
2/9/2019,53.319,58.411
30/8/2019,57.561,62.035
29/8/2019,56.157,60.304
28/8/2019,56.275,60.171
27/8/2019,54.696,58.66
26/8/2019,53.033,57.206
23/8/2019,53.091,57.307
22/8/2019,52.809,57.237
21/8/2019,52.646,57.266
20/8/2019,52.355,57.378
16/8/2019,53.104,58.123
15/8/2019,54.651,59.717
14/8/2019,56.833,62.176
13/8/2019,53.263,58.328
12/8/2019,51.23,57.297
9/8/2019,44.239,46.547
8/8/2019,44.214,46.468
7/8/2019,44.533,46.803
6/8/2019,44.218,46.482
5/8/2019,44.427,46.685
2/8/2019,43.628,45.886
1/8/2019,43.304,45.549
31/7/2019,42.754,45.016
30/7/2019,42.791,45.059
29/7/2019,42.679,44.931
26/7/2019,42.255,44.515
25/7/2019,42.322,44.56
24/7/2019,41.807,44.056
23/7/2019,41.618,43.87
22/7/2019,41.356,43.608
19/7/2019,41.364,43.616
18/7/2019,41.36,43.612
17/7/2019,41.454,43.706
16/7/2019,41.546,43.779
15/7/2019,41.158,43.405
12/7/2019,40.597,42.849
11/7/2019,40.654,42.906
10/7/2019,40.839,43.091
5/7/2019,40.871,43.104
4/7/2019,40.654,42.887
3/7/2019,40.993,43.246
2/7/2019,41.185,43.452
1/7/2019,41.228,43.48
28/6/2019,41.441,43.703
27/6/2019,41.681,43.936
26/6/2019,41.695,43.949
25/6/2019,41.291,43.482
24/6/2019,41.432,43.668
21/6/2019,41.818,44.075
19/6/2019,42.243,44.499
18/6/2019,42.47,44.711
14/6/2019,42.913,45.169
13/6/2019,42.363,44.619
12/6/2019,42.666,44.879
11/6/2019,43.682,45.938
10/6/2019,43.901,46.138
7/6/2019,43.854,46.124
6/6/2019,43.865,46.12
5/6/2019,43.817,46.082
4/6/2019,43.701,45.956
3/6/2019,43.87,46.125
31/5/2019,43.849,46.1
30/5/2019,43.411,45.643
29/5/2019,43.462,45.776
28/5/2019,43.633,45.884
27/5/2019,43.84,46.09
24/5/2019,43.822,46.062
23/5/2019,44.024,46.263
22/5/2019,43.82,46.051
21/5/2019,43.81,46.042
20/5/2019,44.185,46.424
17/5/2019,43.96,46.2
16/5/2019,43.762,46.002
15/5/2019,43.927,46.164
14/5/2019,43.928,46.164
13/5/2019,44.176,46.389
10/5/2019,43.839,46.042
9/5/2019,44.285,46.491
8/5/2019,44.138,46.334
7/5/2019,44.153,46.359
6/5/2019,43.719,45.927
3/5/2019,43.382,45.553
2/5/2019,43.807,46.016
30/4/2019,43.152,45.358
29/4/2019,43.411,45.596
26/4/2019,44.713,46.904
25/4/2019,43.913,46.089
24/4/2019,42.861,44.919
23/4/2019,41.545,43.522
22/4/2019,41.719,43.694
17/4/2019,41.003,42.978
16/4/2019,41.404,43.376
15/4/2019,40.672,42.647
12/4/2019,41.316,43.289
11/4/2019,41.898,43.871
10/4/2019,42.096,44.069
9/4/2019,42.524,44.501
8/4/2019,42.864,44.838
5/4/2019,42.984,44.96
4/4/2019,42.433,44.406
3/4/2019,41.865,43.839
1/4/2019,41.883,43.858
29/3/2019,42.422,44.397
28/3/2019,42.672,44.652
27/3/2019,42.948,44.923
26/3/2019,41.698,43.671
25/3/2019,41.018,42.99
22/3/2019,40.888,42.862
21/3/2019,40.03,42.016
20/3/2019,39.969,41.954
19/3/2019,39.578,41.591
18/3/2019,39.031,41.016
15/3/2019,39.147,41.134
14/3/2019,39.777,41.764
13/3/2019,40.317,42.302
12/3/2019,40.53,42.516
11/3/2019,40.307,42.292
8/3/2019,40.282,42.267
7/3/2019,41.427,43.412
6/3/2019,39.769,41.711
1/3/2019,38.894,40.836
28/2/2019,38.201,40.135
27/2/2019,37.882,39.825
26/2/2019,37.999,39.953
25/2/2019,38.054,40.009
22/2/2019,38.263,40.205
21/2/2019,38.59,40.535
20/2/2019,38.757,40.71
19/2/2019,38.359,40.32
18/2/2019,37.854,39.803
15/2/2019,37.563,39.51
14/2/2019,37.351,39.303
13/2/2019,37.245,39.197
12/2/2019,36.993,38.944
11/2/2019,37.112,39.07
8/2/2019,36.949,38.898
7/2/2019,36.966,38.914
6/2/2019,36.574,38.404
5/2/2019,36.301,38.253
4/2/2019,36.304,38.262
1/2/2019,36.348,38.307
31/1/2019,36.322,38.277
30/1/2019,36.632,38.587
29/1/2019,36.618,38.573
28/1/2019,36.182,38.137
25/1/2019,36.234,38.186
24/1/2019,36.529,38.483
23/1/2019,36.622,38.576
22/1/2019,36.572,38.527
21/1/2019,36.741,38.69
18/1/2019,36.611,38.561
17/1/2019,36.79,38.739
16/1/2019,36.522,38.467
15/1/2019,36.252,38.197
14/1/2019,36.111,38.057
11/1/2019,36.086,38.031
10/1/2019,36.219,38.163
9/1/2019,36.554,38.499
8/1/2019,36.687,38.634
7/1/2019,36.455,38.403
4/1/2019,36.461,38.405
3/1/2019,36.567,38.511
2/1/2019,36.803,38.744
28/12/2018,36.906,38.849
27/12/2018,37.459,39.403
26/12/2018,37.54,39.484
21/12/2018,37.088,39.034
20/12/2018,37.105,39.049
19/12/2018,37.384,39.328
18/12/2018,37.248,39.185
17/12/2018,37.275,39.219
14/12/2018,37.082,39.027
13/12/2018,36.859,38.803
12/12/2018,36.672,38.616
11/12/2018,36.807,38.751
10/12/2018,36.804,38.754
7/12/2018,36.371,38.308
6/12/2018,36.723,38.667
5/12/2018,36.738,38.682
4/12/2018,36.393,38.318
3/12/2018,35.672,37.615
29/11/2018,36.805,38.805
28/11/2018,37.59,39.537
27/11/2018,37.642,39.582
26/11/2018,38.03,39.972
23/11/2018,36.566,38.507
22/11/2018,35.522,37.433
21/11/2018,35.322,37.245
20/11/2018,35.284,37.172
16/11/2018,35.077,36.978
15/11/2018,35.083,36.979
14/11/2018,35.096,36.998
13/11/2018,35.082,36.97
12/11/2018,34.521,36.423
9/11/2018,34.483,36.384
8/11/2018,34.63,36.532
7/11/2018,34.855,36.724
5/11/2018,34.698,36.6
2/11/2018,34.703,36.604
1/11/2018,34.874,36.775
31/10/2018,35.084,36.984
30/10/2018,35.882,37.782
29/10/2018,35.865,37.765
26/10/2018,35.96,37.845
25/10/2018,35.9,37.785
24/10/2018,35.975,37.876
23/10/2018,35.682,37.577
22/10/2018,35.521,37.42
19/10/2018,35.632,37.532
18/10/2018,35.607,37.507
17/10/2018,35.381,37.286
16/10/2018,35.206,37.111
12/10/2018,35.708,37.6
11/10/2018,35.869,37.769
10/10/2018,36.281,38.174
9/10/2018,36.291,38.178
8/10/2018,36.649,38.559
5/10/2018,37.021,38.908
4/10/2018,37.449,39.445
3/10/2018,36.754,38.732
2/10/2018,37.097,39.067
1/10/2018,38.764,40.74
28/9/2018,39.882,41.886
27/9/2018,38.603,40.529
26/9/2018,37.653,39.436
25/9/2018,37.069,38.882
24/9/2018,36.435,38.175
21/9/2018,36.395,38.136
20/9/2018,37.252,38.977
19/9/2018,38.388,40.124
18/9/2018,38.756,40.502
17/9/2018,38.655,40.408
14/9/2018,38.754,40.512
13/9/2018,38.435,40.223
12/9/2018,37.337,39.083
11/9/2018,36.985,38.713
10/9/2018,36.438,38.184
7/9/2018,36.066,37.811
6/9/2018,36.54,38.319
5/9/2018,37.481,39.246
4/9/2018,37.895,39.688
3/9/2018,37.169,38.986
31/8/2018,36.188,37.998
30/8/2018,37.872,39.775
29/8/2018,33.136,34.402
28/8/2018,30.978,32.055
27/8/2018,30.501,31.541
24/8/2018,30.42,31.469
23/8/2018,29.939,30.982
22/8/2018,29.77,30.817
21/8/2018,29.51,30.551
17/8/2018,29.385,30.425
16/8/2018,29.351,30.391
15/8/2018,29.617,30.68
14/8/2018,29.289,30.384
13/8/2018,29.591,30.68
10/8/2018,28.721,29.798
9/8/2018,27.664,28.696
8/8/2018,27.201,28.232
7/8/2018,26.998,28.031
6/8/2018,27.036,28.037
3/8/2018,26.973,28.005
2/8/2018,27.135,28.167
1/8/2018,27.193,28.225
31/7/2018,26.993,28.028
30/7/2018,26.963,28.017
27/7/2018,26.971,28.006
26/7/2018,27.009,28.043
25/7/2018,26.996,28.031
24/7/2018,27.102,28.136
23/7/2018,27.234,28.269
20/7/2018,27.195,28.271
19/7/2018,27.348,28.356
18/7/2018,27.244,28.321
17/7/2018,27.081,28.157
16/7/2018,26.922,28
13/7/2018,26.864,27.94
12/7/2018,26.838,27.915
11/7/2018,27.113,28.189
10/7/2018,26.971,28.049
6/7/2018,27.546,28.622
5/7/2018,27.672,28.749
4/7/2018,27.706,28.782
3/7/2018,27.588,28.666
2/7/2018,27.962,29.038
29/6/2018,28.552,29.57
28/6/2018,27.589,28.679
27/6/2018,26.96,28.051
26/6/2018,26.639,27.726
25/6/2018,26.573,27.664
22/6/2018,26.676,27.757
21/6/2018,27.106,28.194
19/6/2018,27.357,28.463
18/6/2018,27.301,28.411
15/6/2018,27.742,28.847
14/6/2018,27.263,28.428
13/6/2018,25.716,26.687
12/6/2018,25.412,26.382
11/6/2018,25.467,26.443
8/6/2018,24.993,25.952
7/6/2018,24.568,25.535
6/6/2018,24.507,25.466
5/6/2018,24.585,25.548
4/6/2018,24.591,25.554
1/6/2018,24.591,25.565
31/5/2018,24.591,25.514
30/5/2018,24.518,25.491
29/5/2018,24.503,25.473
28/5/2018,24.288,25.253
24/5/2018,24.2,25.164
23/5/2018,24.031,24.993
22/5/2018,23.905,24.864
21/5/2018,23.924,24.9
18/5/2018,24.039,25.052
17/5/2018,23.875,24.891
16/5/2018,23.775,24.801
15/5/2018,23.683,24.677
14/5/2018,24.461,25.51
11/5/2018,22.718,23.726
10/5/2018,22.436,23.221
9/5/2018,22.294,23.126
8/5/2018,22.049,22.903
7/5/2018,21.56,22.33
4/5/2018,21.515,22.28
3/5/2018,22.345,22.986
2/5/2018,20.936,21.524
27/4/2018,20.327,20.881
26/4/2018,20.296,20.837
25/4/2018,20.006,20.555
24/4/2018,19.989,20.539
23/4/2018,19.962,20.511
20/4/2018,19.932,20.479
19/4/2018,19.906,20.467
18/4/2018,19.899,20.446
17/4/2018,19.938,20.488
16/4/2018,19.963,20.513
13/4/2018,19.95,20.499
12/4/2018,19.934,20.483
11/4/2018,19.917,20.466
10/4/2018,19.948,20.499
9/4/2018,19.952,20.499
6/4/2018,19.947,20.496
5/4/2018,19.948,20.495
4/4/2018,19.942,20.489
3/4/2018,19.896,20.436
28/3/2018,19.894,20.443
27/3/2018,19.93,20.48
26/3/2018,19.936,20.471
23/3/2018,19.958,20.504
22/3/2018,20.017,20.571
21/3/2018,20.027,20.595
20/3/2018,19.995,20.545
19/3/2018,19.985,20.536
16/3/2018,19.983,20.532
15/3/2018,20.059,20.609
14/3/2018,19.97,20.516
13/3/2018,19.958,20.508
12/3/2018,19.96,20.51
9/3/2018,19.994,20.544
8/3/2018,20.128,20.677
7/3/2018,20.147,20.694
6/3/2018,20.068,20.614
5/3/2018,19.974,20.52
2/3/2018,19.998,20.54
1/3/2018,19.918,20.46
28/2/2018,19.885,20.421
27/2/2018,19.958,20.493
26/2/2018,19.949,20.481
23/2/2018,19.74,20.276
22/2/2018,19.734,20.271
21/2/2018,19.674,20.21
20/2/2018,19.635,20.172
19/2/2018,19.642,20.177
15/2/2018,19.489,20.02
14/2/2018,19.681,20.226
9/2/2018,19.816,20.349
8/2/2018,19.682,20.217
7/2/2018,19.426,19.951
6/2/2018,19.424,19.937
5/2/2018,19.287,19.796
2/2/2018,19.294,19.807
1/2/2018,19.193,19.707
31/1/2018,19.421,19.934
30/1/2018,19.384,19.897
29/1/2018,19.365,19.878
26/1/2018,19.334,19.847
25/1/2018,19.348,19.854
24/1/2018,19.429,19.929
23/1/2018,19.154,19.661
22/1/2018,18.924,19.424
19/1/2018,18.789,19.29
18/1/2018,18.646,19.146
17/1/2018,18.696,19.195
16/1/2018,18.69,19.19
15/1/2018,18.55,19.05
12/1/2018,18.506,19.006
11/1/2018,18.494,18.994
10/1/2018,18.46,18.96
9/1/2018,18.787,19.287
8/1/2018,18.843,19.338
5/1/2018,18.711,19.209
4/1/2018,18.452,18.957
3/1/2018,18.272,18.776
2/1/2018,18.234,18.739
29/12/2017,18.417,18.921
28/12/2017,18.96,19.46
27/12/2017,18.285,18.781
26/12/2017,18.117,18.607
22/12/2017,17.844,18.332
21/12/2017,17.75,18.218
20/12/2017,17.561,18.024
19/12/2017,17.481,17.95
18/12/2017,17.403,17.869
15/12/2017,17.344,17.808
14/12/2017,17.231,17.696
13/12/2017,17.174,17.641
12/12/2017,17.194,17.662
11/12/2017,17.098,17.564
7/12/2017,17.137,17.604
6/12/2017,17.13,17.598
5/12/2017,17.159,17.627
4/12/2017,17.146,17.606
1/12/2017,17.083,17.548
30/11/2017,17.162,17.629
29/11/2017,17.231,17.695
28/11/2017,17.164,17.632
27/11/2017,17.145,17.606
24/11/2017,17.196,17.66
23/11/2017,17.257,17.711
22/11/2017,17.264,17.726
21/11/2017,17.315,17.782
17/11/2017,17.313,17.771
16/11/2017,17.321,17.783
15/11/2017,17.33,17.79
14/11/2017,17.29,17.752
13/11/2017,17.329,17.796
10/11/2017,17.327,17.791
9/11/2017,17.339,17.803
8/11/2017,17.373,17.834
7/11/2017,17.464,17.928
3/11/2017,17.43,17.89
2/11/2017,17.365,17.83
1/11/2017,17.375,17.925
31/10/2017,17.466,17.933
30/10/2017,17.496,17.961
27/10/2017,17.466,17.928
26/10/2017,17.435,17.901
25/10/2017,17.292,17.757
24/10/2017,17.308,17.772
23/10/2017,17.205,17.667
20/10/2017,17.275,17.74
19/10/2017,17.258,17.723
18/10/2017,17.162,17.626
17/10/2017,17.179,17.641
13/10/2017,17.18,17.645
12/10/2017,17.256,17.731
11/10/2017,17.259,17.723
10/10/2017,17.264,17.725
9/10/2017,17.306,17.769
6/10/2017,17.297,17.76
5/10/2017,17.198,17.661
4/10/2017,17.175,17.639
3/10/2017,17.255,17.72
2/10/2017,17.222,17.687
29/9/2017,17.139,17.597
28/9/2017,17.324,17.786
27/9/2017,17.366,17.829
26/9/2017,17.384,17.849
25/9/2017,17.292,17.757
22/9/2017,17.126,17.589
21/9/2017,17.104,17.564
20/9/2017,16.967,17.421
19/9/2017,16.957,17.422
18/9/2017,16.897,17.36
15/9/2017,16.808,17.273
14/9/2017,16.83,17.286
13/9/2017,16.891,17.343
12/9/2017,16.915,17.374
11/9/2017,16.996,17.459
8/9/2017,17.022,17.483
7/9/2017,17.024,17.486
6/9/2017,17.029,17.494
5/9/2017,17.075,17.54
4/9/2017,17.08,17.545
1/9/2017,17.062,17.51
31/8/2017,17.142,17.605
30/8/2017,17.2,17.664
29/8/2017,17.183,17.645
28/8/2017,17.036,17.494
25/8/2017,17.022,17.485
24/8/2017,17.003,17.463
23/8/2017,17.046,17.507
22/8/2017,17.035,17.499
18/8/2017,17.101,17.565
17/8/2017,17.158,17.621
16/8/2017,17.012,17.474
15/8/2017,16.894,17.351
14/8/2017,17.014,17.468
11/8/2017,17.524,17.987
10/8/2017,17.524,17.987
9/8/2017,17.531,17.989
8/8/2017,17.512,17.975
7/8/2017,17.509,17.972
4/8/2017,17.475,17.938
3/8/2017,17.473,17.936
2/8/2017,17.389,17.858
1/8/2017,17.404,17.867
31/7/2017,17.48,17.937
28/7/2017,17.551,18.01
27/7/2017,17.404,17.861
26/7/2017,17.308,17.763
25/7/2017,17.243,17.662
24/7/2017,17.257,17.714
21/7/2017,17.2,17.659
20/7/2017,16.994,17.458
19/7/2017,17.007,17.457
18/7/2017,16.934,17.391
17/7/2017,16.733,17.193
14/7/2017,16.674,17.135
13/7/2017,16.802,17.259
12/7/2017,16.79,17.258
11/7/2017,16.839,17.3
10/7/2017,16.816,17.28
7/7/2017,16.828,17.292
6/7/2017,16.915,17.379
5/7/2017,16.955,17.399
4/7/2017,16.739,17.181
3/7/2017,16.617,17.057
30/6/2017,16.448,16.877
29/6/2017,16.318,16.751
28/6/2017,16.247,16.676
27/6/2017,16.23,16.663
26/6/2017,16.118,16.546
23/6/2017,15.985,16.42
22/6/2017,16.009,16.442
21/6/2017,16.097,16.53
19/6/2017,15.969,16.391
16/6/2017,15.869,16.289
15/6/2017,15.78,16.2
14/6/2017,15.71,16.13
13/6/2017,15.747,16.168
12/6/2017,15.757,16.177
9/6/2017,15.744,16.165
8/6/2017,15.793,16.213
7/6/2017,15.848,16.268
6/6/2017,15.852,16.271
5/6/2017,15.876,16.297
2/6/2017,15.874,16.302
1/6/2017,15.889,16.316
31/5/2017,15.955,16.377
30/5/2017,15.947,16.37
29/5/2017,15.868,16.291
26/5/2017,15.872,16.295
24/5/2017,15.916,16.339
23/5/2017,15.926,16.341
22/5/2017,15.983,16.407
19/5/2017,15.8,16.222
18/5/2017,15.84,16.27
17/5/2017,15.478,15.904
16/5/2017,15.462,15.89
15/5/2017,15.367,15.789
12/5/2017,15.308,15.732
11/5/2017,15.327,15.75
10/5/2017,15.407,15.83
9/5/2017,15.416,15.837
8/5/2017,15.276,15.702
5/5/2017,15.223,15.646
4/5/2017,15.222,15.644
3/5/2017,15.159,15.575
2/5/2017,15.188,15.611
28/4/2017,15.293,15.719
27/4/2017,15.314,15.735
26/4/2017,15.33,15.75
25/4/2017,15.303,15.726
21/4/2017,15.294,15.716
20/4/2017,15.273,15.695
19/4/2017,15.297,15.718
18/4/2017,15.129,15.554
17/4/2017,15.083,15.504
12/4/2017,15.066,15.491
11/4/2017,15.102,15.521
10/4/2017,15.137,15.554
7/4/2017,15.248,15.663
6/4/2017,15.26,15.682
5/4/2017,15.229,15.65
4/4/2017,15.264,15.688
3/4/2017,15.294,15.72
31/3/2017,15.277,15.634
30/3/2017,15.275,15.695
29/3/2017,15.322,15.742
28/3/2017,15.419,15.84
27/3/2017,15.463,15.883
23/3/2017,15.484,15.905
22/3/2017,15.476,15.897
21/3/2017,15.48,15.901
20/3/2017,15.511,15.931
17/3/2017,15.403,15.823
16/3/2017,15.405,15.826
15/3/2017,15.402,15.822
14/3/2017,15.393,15.814
13/3/2017,15.396,15.81
10/3/2017,15.382,15.788
9/3/2017,15.47,15.866
8/3/2017,15.489,15.885
7/3/2017,15.384,15.781
6/3/2017,15.311,15.708
3/3/2017,15.311,15.708
2/3/2017,15.291,15.688
1/3/2017,15.341,15.737
24/2/2017,15.37,15.763
23/2/2017,15.44,15.828
22/2/2017,15.416,15.804
21/2/2017,15.517,15.911
20/2/2017,15.591,15.986
17/2/2017,15.552,15.946
16/2/2017,15.293,15.682
15/2/2017,15.313,15.695
14/2/2017,15.417,15.796
13/2/2017,15.38,15.762
10/2/2017,15.427,15.814
9/2/2017,15.543,15.923
8/2/2017,15.573,15.956
7/2/2017,15.595,15.95
6/2/2017,15.619,15.975
3/2/2017,15.512,15.878
2/2/2017,15.569,15.919
1/2/2017,15.686,16.049
31/1/2017,15.771,16.143
30/1/2017,15.803,16.167
27/1/2017,15.783,16.149
26/1/2017,15.806,16.186
25/1/2017,15.816,16.18
24/1/2017,15.818,16.187
23/1/2017,15.796,16.159
20/1/2017,15.762,16.127
19/1/2017,15.822,16.193
18/1/2017,15.831,16.196
17/1/2017,15.758,16.123
16/1/2017,15.732,16.089
13/1/2017,15.725,16.083
12/1/2017,15.719,16.081
11/1/2017,15.751,16.114
10/1/2017,15.737,16.101
9/1/2017,15.711,16.075
6/1/2017,15.691,16.052
5/1/2017,15.862,16.234
4/1/2017,15.998,16.371
3/1/2017,15.785,16.158
2/1/2017,15.79,16.164
30/12/2016,15.759,16.126
29/12/2016,15.767,16.14
28/12/2016,15.522,15.886
27/12/2016,15.419,15.779
26/12/2016,15.436,15.798
23/12/2016,15.43,15.791
22/12/2016,15.648,16.013
21/12/2016,15.719,16.088
20/12/2016,15.682,16.053
19/12/2016,15.696,16.05
16/12/2016,15.807,16.161
15/12/2016,15.852,16.215
14/12/2016,15.824,16.17
13/12/2016,15.865,16.224
12/12/2016,15.915,16.278
7/12/2016,15.832,16.188
6/12/2016,15.771,16.131
5/12/2016,15.763,16.123
2/12/2016,15.74,16.102
1/12/2016,15.728,16.095
30/11/2016,15.734,16.1
29/11/2016,15.52,15.879
25/11/2016,15.397,15.751
24/11/2016,15.419,15.762
23/11/2016,15.388,15.75
22/11/2016,15.315,15.663
21/11/2016,15.288,15.632
18/11/2016,15.33,15.685
17/11/2016,15.324,15.679
16/11/2016,15.371,15.726
15/11/2016,15.373,15.73
14/11/2016,15.432,15.791
11/11/2016,15.13,15.483
10/11/2016,14.927,15.282
9/11/2016,14.806,15.159
8/11/2016,14.879,15.229
7/11/2016,14.884,15.234
4/11/2016,14.936,15.282
3/11/2016,14.974,15.324
2/11/2016,14.947,15.302
1/11/2016,14.994,15.348
31/10/2016,15.046,15.401
28/10/2016,15.065,15.417
27/10/2016,15.059,15.417
26/10/2016,15.067,15.426
25/10/2016,15.062,15.419
24/10/2016,14.972,15.331
21/10/2016,15.029,15.373
20/10/2016,15.042,15.399
19/10/2016,15.07,15.422
18/10/2016,15.066,15.425
17/10/2016,15.065,15.427
14/10/2016,15.016,15.369
13/10/2016,14.995,15.351
12/10/2016,15.003,15.357
11/10/2016,15.065,15.425
7/10/2016,15.088,15.443
6/10/2016,15.095,15.444
5/10/2016,15.068,15.421
4/10/2016,15.074,15.431
3/10/2016,15.065,15.418
30/9/2016,15.139,15.487
29/9/2016,15.232,15.591
28/9/2016,15.165,15.524
27/9/2016,15.088,15.447
26/9/2016,15.073,15.427
23/9/2016,15.017,15.374
22/9/2016,15.025,15.375
21/9/2016,15.003,15.354
20/9/2016,15.017,15.371
19/9/2016,14.99,15.349
16/9/2016,14.986,15.341
15/9/2016,14.905,15.258
14/9/2016,14.879,15.237
13/9/2016,14.931,15.291
12/9/2016,14.876,15.226
9/9/2016,14.893,15.247
8/9/2016,14.909,15.27
7/9/2016,14.9,15.253
6/9/2016,14.88,15.234
5/9/2016,14.851,15.212
2/9/2016,14.851,15.2
1/9/2016,14.782,15.132
31/8/2016,14.8,15.158
30/8/2016,14.929,15.289
29/8/2016,14.928,15.284
26/8/2016,14.833,15.185
25/8/2016,14.755,15.112
24/8/2016,14.764,15.117
23/8/2016,14.757,15.105
22/8/2016,14.755,15.113
19/8/2016,14.798,15.148
18/8/2016,14.778,15.139
17/8/2016,14.634,14.99
16/8/2016,14.562,14.92
12/8/2016,14.582,14.937
11/8/2016,14.568,14.923
10/8/2016,14.622,14.972
9/8/2016,14.671,15.03
8/8/2016,14.641,14.996
5/8/2016,14.721,15.077
4/8/2016,14.755,15.102
3/8/2016,14.739,15.089
2/8/2016,14.75,15.105
1/8/2016,14.869,15.221
29/7/2016,14.936,15.289
28/7/2016,14.905,15.259
27/7/2016,14.86,15.214
26/7/2016,14.811,15.165
25/7/2016,14.806,15.16
22/7/2016,14.809,15.161
21/7/2016,14.934,15.288
20/7/2016,14.873,15.228
19/7/2016,14.909,15.259
18/7/2016,15.003,15.354
15/7/2016,14.755,15.203
14/7/2016,14.577,14.939
13/7/2016,14.476,14.831
12/7/2016,14.501,14.859
11/7/2016,14.593,14.946
7/7/2016,14.564,14.922
6/7/2016,14.661,15.012
5/7/2016,14.839,15.194
4/7/2016,14.963,15.321
1/7/2016,14.972,15.332
30/6/2016,14.853,15.211
29/6/2016,14.812,15.167
28/6/2016,14.847,15.207
27/6/2016,15.056,15.415
24/6/2016,14.715,15.09
23/6/2016,14.188,14.542
22/6/2016,13.95,14.295
21/6/2016,13.8,14.156
16/6/2016,13.77,14.117
15/6/2016,13.663,14.013
14/6/2016,13.674,14.033
13/6/2016,13.724,14.072
10/6/2016,13.727,14.078
9/6/2016,13.748,14.094
8/6/2016,13.722,14.074
7/6/2016,13.721,14.07
6/6/2016,13.682,14.033
3/6/2016,13.782,14.138
2/6/2016,13.819,14.17
1/6/2016,13.877,14.219
31/5/2016,13.901,14.254
30/5/2016,13.88,14.234
27/5/2016,13.878,14.234
26/5/2016,13.938,14.296
24/5/2016,13.945,14.294
23/5/2016,13.924,14.279
20/5/2016,13.961,14.312
19/5/2016,14.002,14.36
18/5/2016,14.031,14.382
17/5/2016,14.027,14.383
16/5/2016,14.066,14.424
13/5/2016,14.083,14.436
12/5/2016,14.105,14.464
11/5/2016,14.143,14.495
10/5/2016,14.143,14.495
9/5/2016,14.12,14.48
6/5/2016,14.151,14.5
5/5/2016,14.172,14.516
4/5/2016,14.107,14.466
3/5/2016,14.105,14.464
2/5/2016,14.163,14.516
29/4/2016,14.158,14.51
28/4/2016,14.139,14.491
27/4/2016,14.117,14.471
26/4/2016,14.211,14.566
25/4/2016,14.239,14.592
22/4/2016,14.269,14.619
21/4/2016,14.315,14.661
20/4/2016,14.177,14.535
19/4/2016,14.073,14.427
18/4/2016,14.027,14.382
15/4/2016,14.123,14.478
14/4/2016,14.261,14.615
13/4/2016,14.279,14.633
12/4/2016,14.388,14.74
11/4/2016,14.393,14.74
8/4/2016,14.344,14.694
7/4/2016,14.41,14.765
6/4/2016,14.568,14.927
5/4/2016,14.557,14.915
4/4/2016,14.679,15.039
1/4/2016,14.642,14.997
31/3/2016,14.539,14.889
30/3/2016,14.478,14.835
29/3/2016,14.516,14.868
28/3/2016,14.627,14.975
23/3/2016,14.359,14.71
22/3/2016,14.267,14.631
18/3/2016,14.718,15.082
17/3/2016,14.658,15.037
16/3/2016,14.446,14.803
15/3/2016,14.478,14.845
14/3/2016,14.631,14.995
11/3/2016,14.84,15.198
10/3/2016,15.209,15.572
9/3/2016,15.233,15.59
8/3/2016,15.281,15.648
7/3/2016,15.232,15.59
4/3/2016,15.067,15.435
3/3/2016,15.108,15.478
2/3/2016,15.52,15.881
1/3/2016,15.705,16.072
29/2/2016,15.512,15.877
26/2/2016,15.24,15.689
25/2/2016,15.201,15.561
24/2/2016,15.182,15.547
23/2/2016,15.286,15.644
22/2/2016,15.01,15.366
19/2/2016,14.878,15.239
18/2/2016,14.882,15.238
17/2/2016,14.748,15.111
16/2/2016,14.625,14.986
15/2/2016,14.591,14.948
12/2/2016,14.584,14.948
11/2/2016,14.404,14.775
10/2/2016,14.332,14.705
5/2/2016,14.181,14.536
4/2/2016,14.004,14.375
3/2/2016,13.984,14.351
2/2/2016,13.95,14.32
1/2/2016,13.901,14.273
29/1/2016,13.754,14.131
28/1/2016,13.74,14.119
27/1/2016,13.723,14.102
26/1/2016,13.691,14.068
25/1/2016,13.638,14.017
22/1/2016,13.584,13.957
21/1/2016,13.449,13.829
20/1/2016,13.329,13.702
19/1/2016,13.318,13.687
18/1/2016,13.358,13.727
15/1/2016,13.349,13.717
14/1/2016,13.261,13.629
13/1/2016,13.453,13.822
12/1/2016,13.453,13.821
11/1/2016,13.69,14.059
8/1/2016,13.732,14.103
7/1/2016,13.788,14.158
6/1/2016,13.674,14.036
5/1/2016,13.487,13.877
4/1/2016,12.984,13.309
31/12/2015,13.1,13.4
30/12/2015,12.941,13.275
29/12/2015,12.936,13.27
28/12/2015,13.003,13.35
23/12/2015,12.988,13.354
22/12/2015,12.909,13.286
21/12/2015,12.875,13.266
18/12/2015,13.375,13.714
17/12/2015,13.57,13.931
16/12/2015,9.797,9.914
15/12/2015,9.654,9.905
14/12/2015,9.768,9.884
11/12/2015,9.756,9.872
10/12/2015,9.731,9.853
9/12/2015,9.709,9.827
4/12/2015,9.693,9.806
3/12/2015,9.682,9.794
2/12/2015,9.676,9.788
1/12/2015,9.665,9.777
30/11/2015,9.653,9.761
26/11/2015,9.653,9.764
25/11/2015,9.646,9.757
24/11/2015,9.643,9.752
23/11/2015,9.633,9.744
20/11/2015,9.631,9.742
19/11/2015,9.617,9.731
18/11/2015,9.608,9.716
17/11/2015,9.605,9.715
16/11/2015,9.593,9.704
13/11/2015,9.589,9.699
12/11/2015,9.573,9.685
11/11/2015,9.566,9.677
10/11/2015,9.554,9.666
9/11/2015,9.545,9.66
5/11/2015,9.539,9.651
4/11/2015,9.509,9.621
3/11/2015,9.528,9.64
2/11/2015,9.513,9.624
30/10/2015,9.504,9.611
29/10/2015,9.499,9.609
28/10/2015,9.494,9.605
27/10/2015,9.489,9.601
26/10/2015,9.485,9.597
23/10/2015,9.479,9.59
22/10/2015,9.473,9.583
21/10/2015,9.472,9.58
20/10/2015,9.462,9.572
19/10/2015,9.454,9.567
16/10/2015,9.452,9.565
15/10/2015,9.449,9.561
14/10/2015,9.445,9.558
13/10/2015,9.435,9.546
9/10/2015,9.43,9.54
8/10/2015,9.423,9.533
7/10/2015,9.42,9.528
6/10/2015,9.414,9.524
5/10/2015,9.409,9.52
2/10/2015,9.402,9.511
1/10/2015,9.398,9.509
30/9/2015,9.388,9.5
29/9/2015,9.374,9.482
28/9/2015,9.374,9.484
25/9/2015,9.366,9.476
24/9/2015,9.362,9.474
23/9/2015,9.357,9.468
22/9/2015,9.356,9.466
21/9/2015,9.346,9.458
18/9/2015,9.344,9.452
17/9/2015,9.329,9.438
16/9/2015,9.323,9.434
15/9/2015,9.324,9.432
14/9/2015,9.321,9.429
11/9/2015,9.316,9.428
10/9/2015,9.306,9.416
9/9/2015,9.304,9.412
8/9/2015,9.294,9.404
7/9/2015,9.296,9.404
4/9/2015,9.284,9.394
3/9/2015,9.285,9.393
2/9/2015,9.272,9.38
1/9/2015,9.271,9.377
31/8/2015,9.259,9.367
28/8/2015,9.247,9.355
27/8/2015,9.239,9.346
26/8/2015,9.23,9.338
25/8/2015,9.23,9.339
24/8/2015,9.223,9.332
21/8/2015,9.215,9.326
20/8/2015,9.211,9.321
19/8/2015,9.204,9.316
18/8/2015,9.205,9.313
14/8/2015,9.2,9.307
13/8/2015,9.196,9.305
12/8/2015,9.191,9.3
11/8/2015,9.186,9.295
10/8/2015,9.177,9.287
7/8/2015,9.174,9.282
6/8/2015,9.175,9.282
5/8/2015,9.162,9.274
4/8/2015,9.157,9.264
3/8/2015,9.156,9.264
31/7/2015,9.154,9.262
30/7/2015,9.142,9.25
29/7/2015,9.132,9.239
28/7/2015,9.129,9.237
27/7/2015,9.128,9.236
24/7/2015,9.123,9.233
23/7/2015,9.115,9.225
22/7/2015,9.114,9.223
21/7/2015,9.109,9.219
20/7/2015,9.105,9.215
17/7/2015,9.1,9.209
16/7/2015,9.091,9.205
15/7/2015,9.091,9.203
14/7/2015,9.087,9.195
13/7/2015,9.084,9.195
10/7/2015,9.079,9.19
8/7/2015,9.07,9.181
7/7/2015,9.061,9.17
6/7/2015,9.059,9.168
3/7/2015,9.053,9.162
2/7/2015,9.05,9.158
1/7/2015,9.045,9.153
30/6/2015,9.04,9.153
29/6/2015,9.034,9.144
26/6/2015,9.033,9.143
25/6/2015,9.027,9.139
24/6/2015,9.018,9.131
23/6/2015,9.013,9.123
22/6/2015,9.012,9.122
19/6/2015,9.008,9.118
18/6/2015,9.005,9.116
17/6/2015,8.998,9.108
16/6/2015,8.992,9.103
15/6/2015,8.991,9.101
12/6/2015,8.988,9.1
11/6/2015,8.979,9.09
10/6/2015,8.982,9.094
9/6/2015,8.979,9.084
8/6/2015,8.971,9.082
5/6/2015,8.968,9.079
4/6/2015,8.966,9.075
3/6/2015,8.959,9.069
2/6/2015,8.957,9.067
1/6/2015,8.947,9.059
29/5/2015,8.933,9.048
28/5/2015,8.935,9.047
27/5/2015,8.93,9.043
26/5/2015,8.92,9.033
22/5/2015,8.915,9.028
21/5/2015,8.906,9.031
20/5/2015,8.905,9.02
19/5/2015,8.898,9.009
18/5/2015,8.896,9.01
15/5/2015,8.893,9.006
14/5/2015,8.89,9.003
13/5/2015,8.883,8.997
12/5/2015,8.884,8.998
11/5/2015,8.878,8.991
8/5/2015,8.876,8.99
7/5/2015,8.866,8.979
6/5/2015,8.867,8.981
5/5/2015,8.865,8.983
4/5/2015,8.859,8.974
30/4/2015,8.847,8.963
29/4/2015,8.845,8.961
28/4/2015,8.841,8.955
27/4/2015,8.839,8.952
24/4/2015,8.836,8.951
23/4/2015,8.835,8.946
22/4/2015,8.826,8.941
21/4/2015,8.819,8.933
20/4/2015,8.821,8.935
17/4/2015,8.812,8.928
16/4/2015,8.814,8.929
15/4/2015,8.803,8.918
14/4/2015,8.803,8.916
13/4/2015,8.797,8.911
10/4/2015,8.796,8.911
9/4/2015,8.794,8.909
8/4/2015,8.78,8.894
7/4/2015,8.78,8.895
6/4/2015,8.777,8.892
1/4/2015,8.774,8.892
31/3/2015,8.774,8.878
30/3/2015,8.759,8.873
27/3/2015,8.754,8.87
26/3/2015,8.749,8.868
25/3/2015,8.746,8.86
20/3/2015,8.74,8.855
19/3/2015,8.741,8.855
18/3/2015,8.739,8.853
17/3/2015,8.735,8.852
16/3/2015,8.735,8.852
13/3/2015,8.731,8.845
12/3/2015,8.729,8.842
11/3/2015,8.719,8.832
10/3/2015,8.715,8.824
9/3/2015,8.71,8.824
6/3/2015,8.699,8.812
5/3/2015,8.72,8.836
4/3/2015,8.683,8.795
3/3/2015,8.684,8.797
2/3/2015,8.675,8.789
27/2/2015,8.674,8.785
26/2/2015,8.665,8.775
25/2/2015,8.666,8.777
24/2/2015,8.663,8.767
23/2/2015,8.651,8.761
20/2/2015,8.651,8.762
19/2/2015,8.647,8.761
18/2/2015,8.637,8.748
13/2/2015,8.637,8.748
12/2/2015,8.633,8.744
11/2/2015,8.623,8.733
10/2/2015,8.621,8.732
9/2/2015,8.614,8.724
6/2/2015,8.619,8.731
5/2/2015,8.612,8.722
4/2/2015,8.608,8.72
3/2/2015,8.613,8.726
2/2/2015,8.597,8.707
30/1/2015,8.584,8.695
29/1/2015,8.584,8.695
28/1/2015,8.584,8.695
27/1/2015,8.581,8.695
26/1/2015,8.576,8.686
23/1/2015,8.575,8.685
22/1/2015,8.567,8.676
21/1/2015,8.563,8.672
20/1/2015,8.559,8.669
19/1/2015,8.551,8.661
16/1/2015,8.55,8.66
15/1/2015,8.549,8.659
14/1/2015,8.545,8.655
13/1/2015,8.549,8.66
12/1/2015,8.543,8.652
9/1/2015,8.549,8.662
8/1/2015,8.539,8.648
7/1/2015,8.528,8.64
6/1/2015,8.512,8.624
5/1/2015,8.506,8.618
2/1/2015,8.498,8.607
30/12/2014,8.498,8.608
29/12/2014,8.498,8.608
23/12/2014,8.498,8.608
22/12/2014,8.498,8.608
19/12/2014,8.497,8.607
18/12/2014,8.497,8.607
17/12/2014,8.497,8.608
16/12/2014,8.497,8.607
15/12/2014,8.495,8.606
12/12/2014,8.498,8.608
11/12/2014,8.502,8.616
10/12/2014,8.494,8.603
9/12/2014,8.499,8.609
5/12/2014,8.496,8.602
4/12/2014,8.483,8.593
3/12/2014,8.486,8.6
2/12/2014,8.48,8.594
1/12/2014,8.47,8.58
28/11/2014,8.468,8.581
27/11/2014,8.471,8.585
26/11/2014,8.47,8.582
25/11/2014,8.46,8.571
21/11/2014,8.465,8.576
20/11/2014,8.463,8.578
19/11/2014,8.464,8.575
18/11/2014,8.482,8.599
17/11/2014,8.464,8.576
14/11/2014,8.458,8.569
13/11/2014,8.464,8.575
12/11/2014,8.463,8.575
11/11/2014,8.457,8.568
10/11/2014,8.457,8.567
7/11/2014,8.454,8.565
5/11/2014,8.453,8.563
4/11/2014,8.458,8.569
3/11/2014,8.454,8.566
31/10/2014,8.446,8.556
30/10/2014,8.445,8.556
29/10/2014,8.443,8.556
28/10/2014,8.437,8.548
27/10/2014,8.44,8.552
24/10/2014,8.437,8.55
23/10/2014,8.439,8.552
22/10/2014,8.44,8.552
21/10/2014,8.43,8.541
20/10/2014,8.43,8.542
17/10/2014,8.422,8.535
16/10/2014,8.421,8.532
15/10/2014,8.426,8.546
14/10/2014,8.428,8.55
10/10/2014,8.419,8.532
9/10/2014,8.419,8.539
8/10/2014,8.425,8.547
7/10/2014,8.418,8.537
6/10/2014,8.413,8.534
3/10/2014,8.425,8.542
2/10/2014,8.412,8.531
1/10/2014,8.425,8.541
30/9/2014,8.414,8.533
29/9/2014,8.409,8.528
26/9/2014,8.388,8.513
25/9/2014,8.389,8.511
24/9/2014,8.382,8.502
23/9/2014,8.383,8.502
22/9/2014,8.38,8.499
19/9/2014,8.39,8.505
18/9/2014,8.385,8.507
17/9/2014,8.364,8.483
16/9/2014,8.362,8.475
15/9/2014,8.366,8.484
12/9/2014,8.366,8.484
11/9/2014,8.358,8.476
10/9/2014,8.364,8.483
9/9/2014,8.362,8.478
8/9/2014,8.362,8.478
5/9/2014,8.36,8.476
4/9/2014,8.365,8.482
3/9/2014,8.363,8.479
2/9/2014,8.358,8.474
1/9/2014,8.36,8.474
29/8/2014,8.36,8.474
28/8/2014,8.366,8.482
27/8/2014,8.36,8.474
26/8/2014,8.36,8.474
25/8/2014,8.364,8.478
22/8/2014,8.363,8.477
21/8/2014,8.31,8.426
20/8/2014,8.248,8.362
19/8/2014,8.227,8.338
15/8/2014,8.223,8.339
14/8/2014,8.218,8.332
13/8/2014,8.218,8.329
12/8/2014,8.217,8.332
11/8/2014,8.217,8.332
8/8/2014,8.213,8.328
7/8/2014,8.213,8.328
6/8/2014,8.211,8.326
5/8/2014,8.207,8.322
4/8/2014,8.19,8.304
1/8/2014,8.169,8.28
31/7/2014,8.153,8.268
30/7/2014,8.139,8.254
29/7/2014,8.135,8.247
28/7/2014,8.128,8.243
25/7/2014,8.129,8.248
24/7/2014,8.117,8.236
23/7/2014,8.121,8.234
22/7/2014,8.112,8.223
21/7/2014,8.106,8.222
18/7/2014,8.105,8.217
17/7/2014,8.1,8.214
16/7/2014,8.1,8.214
15/7/2014,8.102,8.217
14/7/2014,8.099,8.212
11/7/2014,8.098,8.211
10/7/2014,8.092,8.205
8/7/2014,8.089,8.202
7/7/2014,8.089,8.202
4/7/2014,8.089,8.202
3/7/2014,8.089,8.202
2/7/2014,8.088,8.201
1/7/2014,8.088,8.198
30/6/2014,8.085,8.2
27/6/2014,8.086,8.2
26/6/2014,8.084,8.2
25/6/2014,8.084,8.199
24/6/2014,8.084,8.2
23/6/2014,8.084,8.2
19/6/2014,8.085,8.201
18/6/2014,8.084,8.199
17/6/2014,8.084,8.2
16/6/2014,8.083,8.199
13/6/2014,8.082,8.198
12/6/2014,8.084,8.201
11/6/2014,8.081,8.198
10/6/2014,8.082,8.198
9/6/2014,8.084,8.201
6/6/2014,8.082,8.196
5/6/2014,8.066,8.182
4/6/2014,8.054,8.172
3/6/2014,8.029,8.145
2/6/2014,8.024,8.138
30/5/2014,8.023,8.143
29/5/2014,8.02,8.137
28/5/2014,8.02,8.137
27/5/2014,8.015,8.132
26/5/2014,8.012,8.129
23/5/2014,8.015,8.13
22/5/2014,8.012,8.125
21/5/2014,8.012,8.126
20/5/2014,8.011,8.126
19/5/2014,8.005,8.125
16/5/2014,8.003,8.125
15/5/2014,7.991,8.11
14/5/2014,7.97,8.09
13/5/2014,7.963,8.085
12/5/2014,7.957,8.076
9/5/2014,7.956,8.076
8/5/2014,7.954,8.071
7/5/2014,7.952,8.071
6/5/2014,7.95,8.073
5/5/2014,7.953,8.072
30/4/2014,7.952,8.075
29/4/2014,7.95,8.076
28/4/2014,7.951,8.076
25/4/2014,7.95,8.076
24/4/2014,7.951,8.076
23/4/2014,7.951,8.076
22/4/2014,7.952,8.075
21/4/2014,7.952,8.075
16/4/2014,7.951,8.075
15/4/2014,7.96,8.126
14/4/2014,7.951,8.075
11/4/2014,7.951,8.075
10/4/2014,7.952,8.081
9/4/2014,7.951,8.074
8/4/2014,7.948,8.072
4/4/2014,7.951,8.074
3/4/2014,7.946,8.07
1/4/2014,7.951,8.074
31/3/2014,7.948,8.08
28/3/2014,7.947,8.074
27/3/2014,7.931,8.08
26/3/2014,7.932,8.071
25/3/2014,7.916,8.054
21/3/2014,7.893,8.03
20/3/2014,7.881,8.02
19/3/2014,7.877,8.016
18/3/2014,7.865,8.004
17/3/2014,7.844,7.977
14/3/2014,7.833,7.966
13/3/2014,7.824,7.959
12/3/2014,7.814,7.948
11/3/2014,7.815,7.947
10/3/2014,7.815,7.947
7/3/2014,7.822,7.958
6/3/2014,7.827,7.964
5/3/2014,7.817,7.957
28/2/2014,7.816,7.958
27/2/2014,7.818,7.963
26/2/2014,7.8,7.942
25/2/2014,7.794,7.939
24/2/2014,7.793,7.938
21/2/2014,7.774,7.917
20/2/2014,7.741,7.885
19/2/2014,7.727,7.87
18/2/2014,7.725,7.869
17/2/2014,7.739,7.883
14/2/2014,7.747,7.902
13/2/2014,7.762,7.905
12/2/2014,7.77,7.914
11/2/2014,7.774,7.918
10/2/2014,7.791,7.936
7/2/2014,7.826,7.97
6/2/2014,7.852,7.998
5/2/2014,7.869,8.052
4/2/2014,7.925,8.094
3/2/2014,7.925,8.1
31/1/2014,7.93,8.09
30/1/2014,7.933,8.114
29/1/2014,7.928,8.122
28/1/2014,7.924,8.157
27/1/2014,7.927,8.172
24/1/2014,7.889,8.184
23/1/2014,7.914,8.138
22/1/2014,6.938,7.037
21/1/2014,6.851,6.946
20/1/2014,6.787,6.884
17/1/2014,6.773,6.866
16/1/2014,6.733,6.826
15/1/2014,6.704,6.798
14/1/2014,6.669,6.762
13/1/2014,6.651,6.745
10/1/2014,6.618,6.707
9/1/2014,6.594,6.683
8/1/2014,6.577,6.667
7/1/2014,6.502,6.66
6/1/2014,6.554,6.645
3/1/2014,6.527,6.61
2/1/2014,6.506,6.589
30/12/2013,6.475,6.558
27/12/2013,6.456,6.538
26/12/2013,6.435,6.516
23/12/2013,6.406,6.488
20/12/2013,6.383,6.465
19/12/2013,6.363,6.445
18/12/2013,6.331,6.409
17/12/2013,6.299,6.376
16/12/2013,6.271,6.351
13/12/2013,6.262,6.337
12/12/2013,6.256,6.334
11/12/2013,6.24,6.317
10/12/2013,6.228,6.306
9/12/2013,6.219,6.301
6/12/2013,6.207,6.285
5/12/2013,6.19,6.269
4/12/2013,6.163,6.241
3/12/2013,6.141,6.219
2/12/2013,6.118,6.2
29/11/2013,6.101,6.184
28/11/2013,6.085,6.168
27/11/2013,6.071,6.154
26/11/2013,6.058,6.137
22/11/2013,6.041,6.121
21/11/2013,6.025,6.105
20/11/2013,6.015,6.095
19/11/2013,6.001,6.08
18/11/2013,5.976,6.049
15/11/2013,5.963,6.042
14/11/2013,5.954,6.03
13/11/2013,5.948,6.024
12/11/2013,5.946,6.022
11/11/2013,5.939,6.015
8/11/2013,5.927,6.002
7/11/2013,5.92,5.995
5/11/2013,5.92,5.994
4/11/2013,5.907,5.975
1/11/2013,5.888,5.956
31/10/2013,5.878,5.948
30/10/2013,5.865,5.938
29/10/2013,5.86,5.933
28/10/2013,5.858,5.93
25/10/2013,5.846,5.918
24/10/2013,5.839,5.911
23/10/2013,5.835,5.906
22/10/2013,5.834,5.91
21/10/2013,5.83,5.902
18/10/2013,5.824,5.901
17/10/2013,5.817,5.888
16/10/2013,5.812,5.884
15/10/2013,5.807,5.88
11/10/2013,5.804,5.876
10/10/2013,5.796,5.868
9/10/2013,5.794,5.866
8/10/2013,5.791,5.863
7/10/2013,5.789,5.862
4/10/2013,5.782,5.853
3/10/2013,5.777,5.849
2/10/2013,5.771,5.843
1/10/2013,5.767,5.84
30/9/2013,5.763,5.836
27/9/2013,5.76,5.832
26/9/2013,5.752,5.822
25/9/2013,5.744,5.816
24/9/2013,5.74,5.815
23/9/2013,5.737,5.811
20/9/2013,5.729,6.096
19/9/2013,5.724,5.798
18/9/2013,5.717,5.792
17/9/2013,5.708,5.781
16/9/2013,5.704,5.777
13/9/2013,5.696,5.768
12/9/2013,5.693,5.768
11/9/2013,5.691,5.764
10/9/2013,5.683,5.756
9/9/2013,5.681,5.754
6/9/2013,5.676,5.752
5/9/2013,5.679,5.752
4/9/2013,5.669,5.738
3/9/2013,5.661,5.73
2/9/2013,5.642,5.715
30/8/2013,5.635,5.706
29/8/2013,5.628,5.699
28/8/2013,5.617,5.688
27/8/2013,5.609,5.679
26/8/2013,5.598,5.67
23/8/2013,5.587,5.657
22/8/2013,5.579,5.65
21/8/2013,5.571,5.638
20/8/2013,5.565,5.634
16/8/2013,5.555,5.624
15/8/2013,5.543,5.611
14/8/2013,5.539,5.604
13/8/2013,5.525,5.594
12/8/2013,5.516,5.585
9/8/2013,5.509,5.578
8/8/2013,5.507,5.575
7/8/2013,5.5,5.569
6/8/2013,5.496,5.565
5/8/2013,5.49,5.559
2/8/2013,5.483,5.551
1/8/2013,5.477,5.546
31/7/2013,5.473,5.543
30/7/2013,5.466,5.536
29/7/2013,5.456,5.526
26/7/2013,5.451,5.52
25/7/2013,5.436,5.509
24/7/2013,5.431,5.506
23/7/2013,5.43,5.503
22/7/2013,5.429,5.5
19/7/2013,5.424,5.495
18/7/2013,5.414,5.483
17/7/2013,5.407,5.479
16/7/2013,5.402,5.472
15/7/2013,5.4,5.471
12/7/2013,5.392,5.462
11/7/2013,5.386,5.457
10/7/2013,5.382,5.452
8/7/2013,5.376,5.444
5/7/2013,5.375,5.442
4/7/2013,5.37,5.439
3/7/2013,5.366,5.435
2/7/2013,5.36,5.429
1/7/2013,5.359,5.428
28/6/2013,5.348,5.419
27/6/2013,5.341,5.412
26/6/2013,5.336,5.405
25/6/2013,5.333,5.402
24/6/2013,5.328,5.398
19/6/2013,5.317,5.384
18/6/2013,5.312,5.379
17/6/2013,5.31,5.374
14/6/2013,5.301,5.368
13/6/2013,5.296,5.362
12/6/2013,5.288,5.353
11/6/2013,5.283,5.349
10/6/2013,5.278,5.345
7/6/2013,5.274,5.34
6/6/2013,5.266,5.333
5/6/2013,5.264,5.33
4/6/2013,5.263,5.329
3/6/2013,5.261,5.327
31/5/2013,5.255,5.318
30/5/2013,5.249,5.314
29/5/2013,5.245,5.311
28/5/2013,5.237,5.307
27/5/2013,5.234,5.305
24/5/2013,5.234,5.302
23/5/2013,5.229,5.298
22/5/2013,5.223,5.291
21/5/2013,5.22,5.288
20/5/2013,5.214,5.283
17/5/2013,5.209,5.281
16/5/2013,5.209,5.28
15/5/2013,5.208,5.279
14/5/2013,5.203,5.273
13/5/2013,5.197,5.267
10/5/2013,5.193,5.263
9/5/2013,5.188,5.258
8/5/2013,5.184,5.253
7/5/2013,5.18,5.25
6/5/2013,5.174,5.244
3/5/2013,5.167,5.237
2/5/2013,5.159,5.23
30/4/2013,5.155,5.225
29/4/2013,5.153,5.223
26/4/2013,5.148,5.217
25/4/2013,5.146,5.212
24/4/2013,5.144,5.211
23/4/2013,5.142,5.208
22/4/2013,5.141,5.205
19/4/2013,5.135,5.199
18/4/2013,5.137,5.203
17/4/2013,5.132,5.194
16/4/2013,5.129,5.194
15/4/2013,5.126,5.191
12/4/2013,5.122,5.258
11/4/2013,5.117,5.182
10/4/2013,5.113,5.18
9/4/2013,5.111,5.178
8/4/2013,5.111,5.178
5/4/2013,5.109,5.176
4/4/2013,5.103,5.172
3/4/2013,5.102,5.17
27/3/2013,5.094,5.161
26/3/2013,5.089,5.158
25/3/2013,5.085,5.155
22/3/2013,5.077,5.145
21/3/2013,5.071,5.139
20/3/2013,5.071,5.138
19/3/2013,5.069,5.133
18/3/2013,5.066,5.13
15/3/2013,5.059,5.128
14/3/2013,5.053,5.118
13/3/2013,5.05,5.109
12/3/2013,5.046,5.112
11/3/2013,5.041,5.102
8/3/2013,5.035,5.097
7/3/2013,5.032,5.097
6/3/2013,5.03,5.094
5/3/2013,5.026,5.092
4/3/2013,5.021,5.087
1/3/2013,5.018,5.085
28/2/2013,5.011,5.077
27/2/2013,5.009,5.072
26/2/2013,5.004,5.07
25/2/2013,5.004,5.072
22/2/2013,5.002,5.066
21/2/2013,4.994,5.059
19/2/2013,4.992,5.061
18/2/2013,4.987,5.052
15/2/2013,4.98,5.039
14/2/2013,4.977,5.046
13/2/2013,4.974,5.043
8/2/2013,4.971,5.036
7/2/2013,4.963,5.033
6/2/2013,4.958,5.024
5/2/2013,4.957,5.019
4/2/2013,4.957,5.019
1/2/2013,4.953,5.021
30/1/2013,4.946,5.013
29/1/2013,4.943,5.009
28/1/2013,4.94,5.007
25/1/2013,4.935,5.001
24/1/2013,4.933,5
23/1/2013,4.933,4.997
22/1/2013,4.93,4.995
21/1/2013,4.925,4.99
18/1/2013,4.921,4.987
17/1/2013,4.921,4.987
16/1/2013,4.921,4.987
15/1/2013,4.922,4.985
14/1/2013,4.918,4.983
11/1/2013,4.914,4.98
10/1/2013,4.911,4.977
9/1/2013,4.906,4.971
8/1/2013,4.908,4.971
7/1/2013,4.901,4.971
4/1/2013,4.9,4.967
3/1/2013,4.899,4.964
2/1/2013,4.894,4.959
31/12/2012,4.875,4.945
28/12/2012,4.883,4.949
27/12/2012,4.88,4.947
26/12/2012,4.879,4.947
21/12/2012,4.872,4.942
20/12/2012,4.868,4.935
19/12/2012,4.861,4.929
18/12/2012,4.854,4.924
17/12/2012,4.852,4.918
14/12/2012,4.845,4.912
13/12/2012,4.842,4.908
12/12/2012,4.841,4.908
11/12/2012,4.836,4.902
10/12/2012,4.831,4.898
7/12/2012,4.829,4.896
6/12/2012,4.791,4.889
5/12/2012,4.819,4.886
4/12/2012,4.813,4.879
3/12/2012,4.811,4.878
30/11/2012,4.803,4.87
29/11/2012,4.802,4.869
28/11/2012,4.796,4.862
27/11/2012,4.792,4.858
23/11/2012,4.791,4.86
22/11/2012,4.79,4.857
21/11/2012,4.779,4.847
20/11/2012,4.772,4.836
19/11/2012,4.769,4.837
16/11/2012,4.766,4.833
15/11/2012,4.76,4.828
14/11/2012,4.757,4.823
13/11/2012,4.753,4.82
12/11/2012,4.751,4.818
9/11/2012,4.747,4.814
8/11/2012,4.744,4.811
7/11/2012,4.743,4.81
5/11/2012,4.742,4.809
2/11/2012,4.741,4.808
1/11/2012,4.738,4.806
31/10/2012,4.733,4.8
30/10/2012,4.731,4.797
29/10/2012,4.727,4.795
26/10/2012,4.725,4.791
25/10/2012,4.722,4.788
24/10/2012,4.72,4.786
23/10/2012,4.717,4.783
22/10/2012,4.716,4.782
19/10/2012,4.712,4.778
18/10/2012,4.708,4.774
17/10/2012,4.707,4.774
16/10/2012,4.707,4.77
15/10/2012,4.7,4.766
12/10/2012,4.699,4.762
11/10/2012,4.693,4.76
10/10/2012,4.687,4.753
9/10/2012,4.685,4.752
5/10/2012,4.681,4.748
4/10/2012,4.679,4.745
3/10/2012,4.675,4.743
2/10/2012,4.674,4.741
1/10/2012,4.673,4.741
28/9/2012,4.67,4.736
27/9/2012,4.666,4.732
26/9/2012,4.664,4.73
25/9/2012,4.663,4.729
21/9/2012,4.658,4.723
20/9/2012,4.656,4.722
19/9/2012,4.655,4.721
18/9/2012,4.648,4.713
17/9/2012,4.648,4.713
14/9/2012,4.643,4.709
13/9/2012,4.638,4.704
12/9/2012,4.638,4.707
11/9/2012,4.632,4.702
10/9/2012,4.635,4.7
7/9/2012,4.633,4.698
6/9/2012,4.627,4.693
5/9/2012,4.625,4.69
4/9/2012,4.621,4.688
3/9/2012,4.616,4.684
31/8/2012,4.613,4.678
30/8/2012,4.61,4.675
29/8/2012,4.609,4.674
28/8/2012,4.607,4.674
27/8/2012,4.604,4.671
24/8/2012,4.597,4.664
23/8/2012,4.594,4.661
22/8/2012,4.593,4.66
21/8/2012,4.593,4.66
17/8/2012,4.59,4.657
16/8/2012,4.584,4.651
15/8/2012,4.583,4.65
14/8/2012,4.582,4.649
13/8/2012,4.578,4.645
10/8/2012,4.577,4.644
9/8/2012,4.574,4.641
8/8/2012,4.573,4.641
7/8/2012,4.571,4.639
6/8/2012,4.565,4.632
3/8/2012,4.562,4.629
2/8/2012,4.562,4.629
1/8/2012,4.559,4.628
31/7/2012,4.556,4.621
30/7/2012,4.553,4.621
27/7/2012,4.553,4.62
26/7/2012,4.548,4.615
25/7/2012,4.547,4.614
24/7/2012,4.544,4.611
23/7/2012,4.542,4.609
20/7/2012,4.537,4.604
19/7/2012,4.534,4.6
18/7/2012,4.531,4.598
17/7/2012,4.525,4.592
16/7/2012,4.524,4.591
13/7/2012,4.524,4.59
12/7/2012,4.518,4.585
11/7/2012,4.513,4.58
10/7/2012,4.509,4.578
6/7/2012,4.505,4.571
5/7/2012,4.504,4.57
4/7/2012,4.505,4.568
3/7/2012,4.504,4.569
2/7/2012,4.504,4.569
29/6/2012,4.502,4.567
28/6/2012,4.496,4.561
27/6/2012,4.49,4.555
26/6/2012,4.489,4.553
25/6/2012,4.489,4.554
22/6/2012,4.486,4.551
21/6/2012,4.482,4.546
19/6/2012,4.48,4.542
18/6/2012,4.478,4.542
15/6/2012,4.475,4.539
14/6/2012,4.469,4.536
13/6/2012,4.472,4.534
12/6/2012,4.47,4.535
11/6/2012,4.469,4.533
8/6/2012,4.47,4.531
7/6/2012,4.469,4.533
6/6/2012,4.468,4.531
5/6/2012,4.457,4.521
4/6/2012,4.456,4.518
1/6/2012,4.455,4.52
31/5/2012,4.455,4.519
30/5/2012,4.455,4.519
29/5/2012,4.455,4.518
28/5/2012,4.455,4.518
24/5/2012,4.452,4.511
23/5/2012,4.448,4.511
22/5/2012,4.448,4.51
21/5/2012,4.44,4.503
18/5/2012,4.434,4.497
17/5/2012,4.432,4.495
16/5/2012,4.426,4.486
15/5/2012,4.424,4.487
14/5/2012,4.422,4.485
11/5/2012,4.42,4.484
10/5/2012,4.422,4.484
9/5/2012,4.42,4.483
8/5/2012,4.416,4.478
7/5/2012,4.413,4.476
4/5/2012,4.407,4.469
3/5/2012,4.405,4.467
2/5/2012,4.398,4.461
27/4/2012,4.393,4.456
26/4/2012,4.393,4.456
25/4/2012,4.391,4.455
24/4/2012,4.388,4.451
23/4/2012,4.383,4.446
20/4/2012,4.381,4.443
19/4/2012,4.382,4.445
18/4/2012,4.379,4.442
17/4/2012,4.372,4.435
16/4/2012,4.372,4.435
13/4/2012,4.372,4.435
12/4/2012,4.37,4.433
11/4/2012,4.363,4.426
10/4/2012,4.364,4.426
9/4/2012,4.362,4.425
4/4/2012,4.36,4.425
3/4/2012,4.354,4.419
30/3/2012,4.353,4.416
29/3/2012,4.351,4.413
28/3/2012,4.349,4.411
27/3/2012,4.349,4.411
26/3/2012,4.345,4.408
23/3/2012,4.343,4.405
22/3/2012,4.342,4.404
21/3/2012,4.341,4.404
20/3/2012,4.338,4.401
19/3/2012,4.337,4.4
16/3/2012,4.335,4.396
15/3/2012,4.335,4.398
14/3/2012,4.333,4.396
13/3/2012,4.33,4.392
12/3/2012,4.327,4.39
9/3/2012,4.325,4.387
8/3/2012,4.324,4.387
7/3/2012,4.323,4.385
6/3/2012,4.324,4.389
5/3/2012,4.325,4.387
2/3/2012,4.326,4.388
1/3/2012,4.331,4.393
29/2/2012,4.332,4.394
28/2/2012,4.331,4.392
24/2/2012,4.331,4.392
23/2/2012,4.331,4.392
22/2/2012,4.331,4.392
17/2/2012,4.33,4.389
16/2/2012,4.327,4.387
15/2/2012,4.326,4.385
14/2/2012,4.324,4.383
13/2/2012,4.324,4.383
10/2/2012,4.324,4.383
9/2/2012,4.323,4.381
8/2/2012,4.316,4.376
7/2/2012,4.314,4.373
6/2/2012,4.314,4.373
3/2/2012,4.314,4.373
2/2/2012,4.315,4.375
1/2/2012,4.314,4.373
31/1/2012,4.313,4.372
30/1/2012,4.313,4.371
27/1/2012,4.312,4.371
26/1/2012,4.312,4.371
25/1/2012,4.311,4.37
24/1/2012,4.304,4.367
23/1/2012,4.302,4.36
20/1/2012,4.297,4.356
19/1/2012,4.296,4.354
18/1/2012,4.294,4.353
17/1/2012,4.293,4.351
16/1/2012,4.289,4.351
13/1/2012,4.29,4.349
12/1/2012,4.29,4.349
11/1/2012,4.29,4.349
10/1/2012,4.289,4.351
9/1/2012,4.293,4.352
6/1/2012,4.29,4.348
5/1/2012,4.282,4.341
4/1/2012,4.281,4.34
3/1/2012,4.281,4.34
30/12/2011,4.276,4.34
29/12/2011,4.276,4.335
28/12/2011,4.272,4.331
27/12/2011,4.271,4.329
23/12/2011,4.268,4.328
22/12/2011,4.267,4.325
21/12/2011,4.267,4.325
20/12/2011,4.267,4.325
19/12/2011,4.265,4.324
16/12/2011,4.263,4.322
15/12/2011,4.261,4.319
14/12/2011,4.261,4.319
13/12/2011,4.261,4.319
12/12/2011,4.261,4.319
7/12/2011,4.261,4.319
6/12/2011,4.261,4.32
5/12/2011,4.261,4.32
2/12/2011,4.259,4.318
1/12/2011,4.258,4.317
30/11/2011,4.256,4.316
29/11/2011,4.247,4.305
25/11/2011,4.243,4.304
24/11/2011,4.244,4.3
23/11/2011,4.243,4.303
22/11/2011,4.243,4.301
21/11/2011,4.244,4.3
18/11/2011,4.243,4.302
17/11/2011,4.246,4.303
16/11/2011,4.248,4.305
15/11/2011,4.251,4.311
14/11/2011,4.249,4.309
11/11/2011,4.246,4.304
10/11/2011,4.24,4.299
9/11/2011,4.239,4.299
8/11/2011,4.24,4.298
7/11/2011,4.237,4.296
4/11/2011,4.234,4.292
3/11/2011,4.23,4.291
2/11/2011,4.232,4.29
1/11/2011,4.221,4.28
31/10/2011,4.22,4.278
28/10/2011,4.221,4.279
27/10/2011,4.22,4.277
26/10/2011,4.219,4.278
25/10/2011,4.219,4.277
24/10/2011,4.219,4.276
21/10/2011,4.219,4.276
20/10/2011,4.214,4.273
19/10/2011,4.213,4.271
18/10/2011,4.204,4.261
17/10/2011,4.204,4.263
14/10/2011,4.198,4.256
13/10/2011,4.196,4.249
12/10/2011,4.193,4.252
11/10/2011,4.193,4.251
7/10/2011,4.193,4.251
6/10/2011,4.192,4.25
5/10/2011,4.19,4.248
4/10/2011,4.189,4.248
3/10/2011,4.188,4.247
30/9/2011,4.189,4.248
29/9/2011,4.189,4.248
28/9/2011,4.19,4.25
27/9/2011,4.189,4.248
26/9/2011,4.189,4.248
23/9/2011,4.189,4.248
22/9/2011,4.187,4.245
21/9/2011,4.186,4.244
20/9/2011,4.191,4.248
19/9/2011,4.196,4.253
16/9/2011,4.195,4.252
15/9/2011,4.195,4.252
14/9/2011,4.195,4.252
13/9/2011,4.195,4.252
12/9/2011,4.196,4.253
9/9/2011,4.194,4.252
8/9/2011,4.196,4.253
7/9/2011,4.196,4.254
6/9/2011,4.196,4.254
5/9/2011,4.199,4.257
2/9/2011,4.2,4.261
1/9/2011,4.196,4.252
31/8/2011,4.18,4.236
30/8/2011,4.175,4.229
29/8/2011,4.168,4.224
26/8/2011,4.168,4.223
25/8/2011,4.168,4.223
24/8/2011,4.167,4.222
23/8/2011,4.162,4.216
19/8/2011,4.159,4.213
18/8/2011,4.151,4.206
17/8/2011,4.147,4.202
16/8/2011,4.144,4.198
15/8/2011,4.142,4.196
12/8/2011,4.14,4.196
11/8/2011,4.14,4.194
10/8/2011,4.138,4.193
9/8/2011,4.137,4.193
8/8/2011,4.137,4.193
5/8/2011,4.136,4.192
4/8/2011,4.13,4.187
3/8/2011,4.129,4.185
2/8/2011,4.127,4.183
29/7/2011,4.123,4.179
28/7/2011,4.122,4.177
27/7/2011,4.12,4.176
26/7/2011,4.119,4.174
25/7/2011,4.12,4.175
22/7/2011,4.118,4.173
21/7/2011,4.116,4.174
20/7/2011,4.116,4.172
19/7/2011,4.11,4.165
18/7/2011,4.107,4.162
15/7/2011,4.104,4.16
14/7/2011,4.105,4.16
13/7/2011,4.104,4.16
12/7/2011,4.104,4.16
11/7/2011,4.104,4.16
8/7/2011,4.104,4.16
7/7/2011,4.1,4.156
6/7/2011,4.098,4.154
5/7/2011,4.097,4.152
4/7/2011,4.094,4.149
1/7/2011,4.092,4.148
30/6/2011,4.091,4.147
29/6/2011,4.087,4.143
28/6/2011,4.085,4.14
27/6/2011,4.082,4.138
24/6/2011,4.083,4.139
23/6/2011,4.082,4.138
22/6/2011,4.081,4.137
21/6/2011,4.08,4.138
17/6/2011,4.078,4.134
16/6/2011,4.078,4.134
15/6/2011,4.077,4.133
14/6/2011,4.077,4.134
13/6/2011,4.078,4.133
10/6/2011,4.077,4.132
9/6/2011,4.077,4.132
8/6/2011,4.077,4.133
7/6/2011,4.076,4.131
6/6/2011,4.076,4.131
3/6/2011,4.077,4.131
2/6/2011,4.076,4.131
1/6/2011,4.074,4.13
31/5/2011,4.073,4.128
30/5/2011,4.072,4.127
27/5/2011,4.072,4.127
26/5/2011,4.072,4.127
24/5/2011,4.072,4.126
23/5/2011,4.071,4.126
20/5/2011,4.07,4.124
19/5/2011,4.068,4.122
18/5/2011,4.068,4.122
17/5/2011,4.065,4.118
16/5/2011,4.065,4.118
13/5/2011,4.065,4.118
12/5/2011,4.065,4.118
11/5/2011,4.064,4.116
10/5/2011,4.064,4.116
9/5/2011,4.063,4.116
6/5/2011,4.065,4.116
5/5/2011,4.063,4.115
4/5/2011,4.065,4.113
3/5/2011,4.063,4.115
2/5/2011,4.063,4.115
29/4/2011,4.062,4.115
28/4/2011,4.063,4.116
27/4/2011,4.062,4.114
26/4/2011,4.061,4.113
25/4/2011,4.061,4.111
20/4/2011,4.056,4.109
19/4/2011,4.052,4.105
18/4/2011,4.049,4.102
15/4/2011,4.045,4.097
14/4/2011,4.042,4.095
13/4/2011,4.035,4.087
12/4/2011,4.031,4.083
11/4/2011,4.03,4.084
8/4/2011,4.031,4.083
7/4/2011,4.031,4.083
6/4/2011,4.031,4.083
5/4/2011,4.031,4.083
4/4/2011,4.031,4.083
1/4/2011,4.032,4.084
31/3/2011,4.029,4.081
30/3/2011,4.028,4.081
29/3/2011,4.022,4.074
28/3/2011,4.022,4.072
23/3/2011,4.02,4.072
22/3/2011,4.019,4.071
21/3/2011,4.019,4.071
18/3/2011,4.018,4.072
17/3/2011,4.019,4.07
16/3/2011,4.016,4.067
15/3/2011,4.011,4.063
14/3/2011,4.011,4.063
11/3/2011,4.01,4.063
10/3/2011,4.01,4.063
9/3/2011,4.011,4.063
4/3/2011,4.01,4.063
3/3/2011,4.01,4.063
2/3/2011,4.01,4.063
1/3/2011,4.01,4.063
28/2/2011,4.009,4.062
25/2/2011,4.01,4.062
24/2/2011,4.008,4.061
23/2/2011,4.008,4.061
22/2/2011,4.008,4.061
21/2/2011,4.004,4.057
18/2/2011,4,4.053
17/2/2011,4,4.054
16/2/2011,3.997,4.054
15/2/2011,4,4.054
14/2/2011,4,4.054
11/2/2011,3.999,4.053
10/2/2011,3.998,4.052
9/2/2011,3.996,4.05
8/2/2011,3.996,4.05
7/2/2011,3.996,4.049
4/2/2011,3.994,4.047
3/2/2011,3.993,4.047
2/2/2011,3.993,4.045
1/2/2011,3.988,4.042
31/1/2011,3.982,4.034
28/1/2011,3.976,4.029
27/1/2011,3.971,4.024
26/1/2011,3.967,4.019
25/1/2011,3.965,4.017
24/1/2011,3.964,4.016
21/1/2011,3.964,4.015
20/1/2011,3.962,4.014
19/1/2011,3.962,4.013
18/1/2011,3.961,4.013
17/1/2011,3.959,4.011
14/1/2011,3.96,4.011
13/1/2011,3.959,4.011
12/1/2011,3.959,4.011
11/1/2011,3.958,4.011
10/1/2011,3.959,4.01
7/1/2011,3.956,4.009
6/1/2011,3.958,4.01
5/1/2011,3.959,4.011
4/1/2011,3.959,4.011
3/1/2011,3.959,4.011
30/12/2010,3.96,4.012
29/12/2010,3.962,4.013
28/12/2010,3.963,4.015
27/12/2010,3.962,4.012
23/12/2010,3.957,4.008
22/12/2010,3.957,4.007
21/12/2010,3.957,4.008
20/12/2010,3.958,4.008
17/12/2010,3.957,4.008
16/12/2010,3.956,4.008
15/12/2010,3.956,4.007
14/12/2010,3.956,4.006
13/12/2010,3.958,4.009
10/12/2010,3.957,4.01
9/12/2010,3.958,4.01
7/12/2010,3.959,4.01
6/12/2010,3.961,4.011
3/12/2010,3.961,4.011
2/12/2010,3.961,4.012
1/12/2010,3.962,4.012
30/11/2010,3.96,4.011
29/11/2010,3.96,4.012
26/11/2010,3.955,4.009
25/11/2010,3.952,4.003
24/11/2010,3.952,4.003
23/11/2010,3.951,4.002
19/11/2010,3.951,4.002
18/11/2010,3.951,4.004
17/11/2010,3.951,4.002
16/11/2010,3.946,3.998
15/11/2010,3.944,3.994
12/11/2010,3.94,3.992
11/11/2010,3.941,3.991
10/11/2010,3.94,3.991
9/11/2010,3.939,3.992
8/11/2010,3.938,3.99
5/11/2010,3.938,3.99
4/11/2010,3.938,3.99
3/11/2010,3.938,3.99
2/11/2010,3.938,3.991
1/11/2010,3.938,3.99
29/10/2010,3.939,3.99
28/10/2010,3.939,3.99
26/10/2010,3.938,3.989
25/10/2010,3.938,3.989
22/10/2010,3.938,3.989
21/10/2010,3.938,3.989
20/10/2010,3.934,3.985
19/10/2010,3.932,3.983
18/10/2010,3.931,3.982
15/10/2010,3.93,3.981
14/10/2010,3.934,3.98
13/10/2010,3.933,3.983
12/10/2010,3.938,3.989
8/10/2010,3.939,3.989
7/10/2010,3.938,3.989
6/10/2010,3.939,3.99
5/10/2010,3.939,3.99
4/10/2010,3.942,3.992
1/10/2010,3.941,3.992
30/9/2010,3.944,3.993
29/9/2010,3.947,3.998
28/9/2010,3.947,3.998
27/9/2010,3.938,3.988
24/9/2010,3.932,3.982
23/9/2010,3.927,3.981
22/9/2010,3.929,3.979
21/9/2010,3.928,3.979
20/9/2010,3.927,3.977
17/9/2010,3.927,3.976
16/9/2010,3.927,3.976
15/9/2010,3.928,3.976
14/9/2010,3.926,3.976
13/9/2010,3.925,3.974
10/9/2010,3.925,3.974
9/9/2010,3.924,3.973
8/9/2010,3.925,3.973
7/9/2010,3.926,3.973
6/9/2010,3.925,3.974
3/9/2010,3.923,3.972
2/9/2010,3.925,3.975
1/9/2010,3.925,3.975
31/8/2010,3.925,3.974
30/8/2010,3.922,3.972
27/8/2010,3.921,3.972
26/8/2010,3.924,3.972
25/8/2010,3.921,3.971
24/8/2010,3.917,3.967
23/8/2010,3.917,3.967
20/8/2010,3.916,3.966
19/8/2010,3.917,3.964
18/8/2010,3.911,3.962
17/8/2010,3.911,3.962
13/8/2010,3.911,3.961
12/8/2010,3.91,3.961
11/8/2010,3.911,3.961
10/8/2010,3.91,3.961
9/8/2010,3.91,3.961
6/8/2010,3.912,3.962
5/8/2010,3.914,3.965
4/8/2010,3.914,3.965
3/8/2010,3.915,3.966
2/8/2010,3.915,3.967
30/7/2010,3.914,3.965
29/7/2010,3.913,3.964
28/7/2010,3.91,3.962
27/7/2010,3.91,3.962
26/7/2010,3.91,3.961
23/7/2010,3.91,3.961
22/7/2010,3.911,3.963
21/7/2010,3.913,3.964
20/7/2010,3.913,3.964
19/7/2010,3.913,3.965
16/7/2010,3.913,3.964
15/7/2010,3.911,3.963
14/7/2010,3.911,3.963
13/7/2010,3.913,3.965
12/7/2010,3.913,3.965
8/7/2010,3.915,3.965
7/7/2010,3.913,3.964
6/7/2010,3.914,3.964
5/7/2010,3.912,3.964
2/7/2010,3.912,3.963
1/7/2010,3.911,3.962
30/6/2010,3.909,3.961
29/6/2010,3.907,3.959
28/6/2010,3.907,3.959
25/6/2010,3.907,3.959
24/6/2010,3.905,3.957
23/6/2010,3.904,3.956
22/6/2010,3.904,3.956
18/6/2010,3.903,3.956
17/6/2010,3.903,3.956
16/6/2010,3.903,3.956
15/6/2010,3.903,3.956
14/6/2010,3.905,3.956
11/6/2010,3.898,3.951
10/6/2010,3.897,3.949
9/6/2010,3.897,3.949
8/6/2010,3.9,3.951
7/6/2010,3.903,3.954
4/6/2010,3.901,3.952
3/6/2010,3.901,3.953
2/6/2010,3.905,3.955
1/6/2010,3.904,3.955
